{
    "6905587659": "eyJhbGciOiJIUzI1NiIsInR5cCI6IkpXVCJ9.eyJoYXNfZ3Vlc3QiOmZhbHNlLCJ0eXBlIjoiQUNDRVNTIiwiaXNzIjoiYmx1bSIsInN1YiI6ImM1NDE5N2JkLTFjMDgtNGE0MS05OTFjLWUyYjA4ZDlkZDUxYyIsImV4cCI6MTcyNjc1MTM3NiwiaWF0IjoxNzI2NzQ3Nzc2fQ.TTthPjMwi4dePASvQZ56pQeFfJlGh6h2BYVWVERu0hU",
    "6755815221": "eyJhbGciOiJIUzI1NiIsInR5cCI6IkpXVCJ9.eyJoYXNfZ3Vlc3QiOmZhbHNlLCJ0eXBlIjoiQUNDRVNTIiwiaXNzIjoiYmx1bSIsInN1YiI6IjFhNzE1MTA3LWQxYjktNDM2Yi1iMmM5LWY4MjFjMmNlMDdlNCIsImV4cCI6MTcyNjc1MTM4MSwiaWF0IjoxNzI2NzQ3NzgxfQ.5AzXU9aLutXZbbVMIw6hbKGAg5rPUKcyskxn6XpBySQ",
    "6149081361": "eyJhbGciOiJIUzI1NiIsInR5cCI6IkpXVCJ9.eyJoYXNfZ3Vlc3QiOmZhbHNlLCJ0eXBlIjoiQUNDRVNTIiwiaXNzIjoiYmx1bSIsInN1YiI6ImYzMjQ0ZDAzLTI1ODUtNDE1Ny04NDgzLThmNGY2ODk0MTkzOCIsImV4cCI6MTcyNjc1MTM4OCwiaWF0IjoxNzI2NzQ3Nzg4fQ.Rw9_cYoqgxbQcQPf_9eLzqdu0pJxbRlYbUgp_BipMqc",
    "7344538348": "eyJhbGciOiJIUzI1NiIsInR5cCI6IkpXVCJ9.eyJoYXNfZ3Vlc3QiOmZhbHNlLCJ0eXBlIjoiQUNDRVNTIiwiaXNzIjoiYmx1bSIsInN1YiI6IjdkNGM4MjAyLTI4ZDMtNGRkYy05MmNlLTcyMzM0NjAxOWJlNCIsImV4cCI6MTcyNjc1MTM5NiwiaWF0IjoxNzI2NzQ3Nzk2fQ.W1vNnrW2s3TirM4lx8D6UfsubVXGIY0FFwwiNv8QMIk",
    "6774512406": "eyJhbGciOiJIUzI1NiIsInR5cCI6IkpXVCJ9.eyJoYXNfZ3Vlc3QiOmZhbHNlLCJ0eXBlIjoiQUNDRVNTIiwiaXNzIjoiYmx1bSIsInN1YiI6IjYwZDYzNjZlLTAxZjItNDRiOS1hOWIwLTkxMzkwYzVmOTdhNyIsImV4cCI6MTcyNjc1MTQwNCwiaWF0IjoxNzI2NzQ3ODA0fQ.fQ3OTnzqLJzWsDEMj-1xOZy8EvTNupcJcTCZJYUEmc8",
    "1868054991": "eyJhbGciOiJIUzI1NiIsInR5cCI6IkpXVCJ9.eyJoYXNfZ3Vlc3QiOmZhbHNlLCJ0eXBlIjoiQUNDRVNTIiwiaXNzIjoiYmx1bSIsInN1YiI6ImQ4YWFkMjc3LTYyM2ItNDA1ZC1hNmJmLWQzZDc0YjJlODg0MCIsImV4cCI6MTcyNjc1MTQxMSwiaWF0IjoxNzI2NzQ3ODExfQ.xrg86yECmrtd9vBgjSJ74382B7gGekquVJ6oNX9cfaY",
    "7468187916": "eyJhbGciOiJIUzI1NiIsInR5cCI6IkpXVCJ9.eyJoYXNfZ3Vlc3QiOmZhbHNlLCJ0eXBlIjoiQUNDRVNTIiwiaXNzIjoiYmx1bSIsInN1YiI6ImUzYjFiMDFhLWIzNzUtNDBmOS05MmNlLWU3ZTI3MTA2ZmM2OCIsImV4cCI6MTcyNjc1MTcwOSwiaWF0IjoxNzI2NzQ4MTA5fQ.OGPUslQLAx8MVfz4J1GCfXrPBYciH-T_RcbfF397SWc",
    "7025201575": "eyJhbGciOiJIUzI1NiIsInR5cCI6IkpXVCJ9.eyJoYXNfZ3Vlc3QiOmZhbHNlLCJ0eXBlIjoiQUNDRVNTIiwiaXNzIjoiYmx1bSIsInN1YiI6IjI1NGI5YzVlLWYxNzItNGRiOS04YTRhLTkzMjI3YTQwNjQ2OCIsImV4cCI6MTcyNjc1MTcxNSwiaWF0IjoxNzI2NzQ4MTE1fQ.Kvizbvvm9i6iYHpY73P821Gjd-s29NvvIDURD2jdRX8",
    "7219262724": "eyJhbGciOiJIUzI1NiIsInR5cCI6IkpXVCJ9.eyJoYXNfZ3Vlc3QiOmZhbHNlLCJ0eXBlIjoiQUNDRVNTIiwiaXNzIjoiYmx1bSIsInN1YiI6IjZmY2JkNmVlLTlmY2EtNGY0OC05ZDFiLWQzNDJmZDAxMzQwYSIsImV4cCI6MTcyNjc1MTcyMSwiaWF0IjoxNzI2NzQ4MTIxfQ.IIzXZhTB7dXd8T4M5uOjoPZcJ_vpZmnpfrJ745K0n2Q",
    "7267365474": "eyJhbGciOiJIUzI1NiIsInR5cCI6IkpXVCJ9.eyJoYXNfZ3Vlc3QiOmZhbHNlLCJ0eXBlIjoiQUNDRVNTIiwiaXNzIjoiYmx1bSIsInN1YiI6IjgxNDNmOTBhLTUzMDMtNDc0YS1hYTM3LTYxOGQyMzVjMjVkOCIsImV4cCI6MTcyNjc1MTcyNiwiaWF0IjoxNzI2NzQ4MTI2fQ.BegdjX9_hqfnaxOspnQjIOIIqFdzqwGWlJyRIoBQsv4",
    "7214710084": "eyJhbGciOiJIUzI1NiIsInR5cCI6IkpXVCJ9.eyJoYXNfZ3Vlc3QiOmZhbHNlLCJ0eXBlIjoiQUNDRVNTIiwiaXNzIjoiYmx1bSIsInN1YiI6IjIyNjk2NDc3LWYwYzAtNGIxYi04NDc5LTEyZTljNDU2MzZkNCIsImV4cCI6MTcyNjc1MTczMSwiaWF0IjoxNzI2NzQ4MTMxfQ.13ISaM5MRP7n1iIa5-B4s3NDxQHFFrG0dejZkP6QmK4",
    "7405156559": "eyJhbGciOiJIUzI1NiIsInR5cCI6IkpXVCJ9.eyJoYXNfZ3Vlc3QiOmZhbHNlLCJ0eXBlIjoiQUNDRVNTIiwiaXNzIjoiYmx1bSIsInN1YiI6ImIxODRmMzA5LTI3ZDQtNDJkMi04YTI3LTk0NzVhYjM1N2Q3NyIsImV4cCI6MTcyNjc1MTczNywiaWF0IjoxNzI2NzQ4MTM3fQ.1lCABDgO6-CfvRJoxMR5srBQ2GiNAn3rgynoQqZEEjQ",
    "7219703992": "eyJhbGciOiJIUzI1NiIsInR5cCI6IkpXVCJ9.eyJoYXNfZ3Vlc3QiOmZhbHNlLCJ0eXBlIjoiQUNDRVNTIiwiaXNzIjoiYmx1bSIsInN1YiI6IjU1MmI0YmVhLTdkMTEtNDE4NS05OWM5LTg1YTFhMThiNTExYyIsImV4cCI6MTcyNjc1MTc0MywiaWF0IjoxNzI2NzQ4MTQzfQ.KEk7bSWrvavzYjhIOStuq9Q9ceEccTCd9UXPSQApl70",
    "7269525895": "eyJhbGciOiJIUzI1NiIsInR5cCI6IkpXVCJ9.eyJoYXNfZ3Vlc3QiOmZhbHNlLCJ0eXBlIjoiQUNDRVNTIiwiaXNzIjoiYmx1bSIsInN1YiI6IjhmYjg0MzViLWVlMDAtNDg3NC1iYjYxLWRlMzQxMDVmOTFjMCIsImV4cCI6MTcyNjc1MTc0OSwiaWF0IjoxNzI2NzQ4MTQ5fQ.6xPN34urLHoYbTASO0edJjXH6dRY0cKpkmhO0XwH5VA",
    "7270063467": "eyJhbGciOiJIUzI1NiIsInR5cCI6IkpXVCJ9.eyJoYXNfZ3Vlc3QiOmZhbHNlLCJ0eXBlIjoiQUNDRVNTIiwiaXNzIjoiYmx1bSIsInN1YiI6IjQzODI4ODU4LWVjMzMtNGUwZi05YTFlLTQyOTU5MjNmN2E5MyIsImV4cCI6MTcyOTMzMDkyOSwiaWF0IjoxNzI5MzI3MzI5fQ.GdcXQZ9KrGOyozlrEXwvCxbXKvV-WlIOrnPqPWW4TSo",
    "7241089442": "eyJhbGciOiJIUzI1NiIsInR5cCI6IkpXVCJ9.eyJoYXNfZ3Vlc3QiOmZhbHNlLCJ0eXBlIjoiQUNDRVNTIiwiaXNzIjoiYmx1bSIsInN1YiI6IjE1NDM1OGE2LTcyOTctNGRiYi1iZDFlLTIyMzk3OTM0NTcwNyIsImV4cCI6MTcyOTMzMDkzNywiaWF0IjoxNzI5MzI3MzM3fQ.sBATXH_NXm_O_uUntTiT7KNmqYVXED313LDDH59AXnU",
    "7233898148": "eyJhbGciOiJIUzI1NiIsInR5cCI6IkpXVCJ9.eyJoYXNfZ3Vlc3QiOmZhbHNlLCJ0eXBlIjoiQUNDRVNTIiwiaXNzIjoiYmx1bSIsInN1YiI6IjI3YTJlNzdiLWFlYTgtNDk3Yy05NTFkLWVlMjM4YTFmZmY2ZSIsImV4cCI6MTcyOTMzMDk0MywiaWF0IjoxNzI5MzI3MzQzfQ.Shzo58jfS4tL6sIvEbIlcSeuXK3ndQEG9shs6dGZQeo",
    "7410964822": "eyJhbGciOiJIUzI1NiIsInR5cCI6IkpXVCJ9.eyJoYXNfZ3Vlc3QiOmZhbHNlLCJ0eXBlIjoiQUNDRVNTIiwiaXNzIjoiYmx1bSIsInN1YiI6IjI3ZTEwMTFhLTQ3ZmMtNDE4My05ZjAzLTdkNDgwYWNiMjI1MCIsImV4cCI6MTcyOTMzMDk1MCwiaWF0IjoxNzI5MzI3MzUwfQ.bgmIJf0C0lCIUb3_V6kc_aJt9Ug9MY47oLz6WEjAHsc",
    "7309976047": "eyJhbGciOiJIUzI1NiIsInR5cCI6IkpXVCJ9.eyJoYXNfZ3Vlc3QiOmZhbHNlLCJ0eXBlIjoiQUNDRVNTIiwiaXNzIjoiYmx1bSIsInN1YiI6IjMyZDVlOGFhLTExYTMtNDFkZi1iYTE1LTViMDVmNWI5YmZjOSIsImV4cCI6MTcyOTMzMDk1NywiaWF0IjoxNzI5MzI3MzU3fQ.YbIjkKxsM_YwhMm7fvacWcSF2_nUkVFrPjYmAzYVhd8",
    "7348004227": "eyJhbGciOiJIUzI1NiIsInR5cCI6IkpXVCJ9.eyJoYXNfZ3Vlc3QiOmZhbHNlLCJ0eXBlIjoiQUNDRVNTIiwiaXNzIjoiYmx1bSIsInN1YiI6IjYxYTg3N2RiLTFhNzUtNDcyMy04ZjVhLWY0ZmI4YTllYmQzMCIsImV4cCI6MTcyOTMzMDk2NCwiaWF0IjoxNzI5MzI3MzY0fQ.6sDpJClghCI_hOMoSWddzW8hsko92w08LiBK4YRjISI",
    "7332341476": "eyJhbGciOiJIUzI1NiIsInR5cCI6IkpXVCJ9.eyJoYXNfZ3Vlc3QiOmZhbHNlLCJ0eXBlIjoiQUNDRVNTIiwiaXNzIjoiYmx1bSIsInN1YiI6IjY4NDI1NTBmLTRjNmUtNGQ4Mi04MTk2LTEzMGM3OTA3ZTMzZSIsImV4cCI6MTcyOTMzMDk3MSwiaWF0IjoxNzI5MzI3MzcxfQ.RyC6D5SAeF6AT-Wm7Mu2BLVc1s-2iSWHB9SQqlYxYao",
    "7226474108": "eyJhbGciOiJIUzI1NiIsInR5cCI6IkpXVCJ9.eyJoYXNfZ3Vlc3QiOmZhbHNlLCJ0eXBlIjoiQUNDRVNTIiwiaXNzIjoiYmx1bSIsInN1YiI6ImE4YzZhOWYxLTllODYtNGJkZC1hMWQzLTk4MmQyZWIzNjRkMSIsImV4cCI6MTcyOTMzMDk3OSwiaWF0IjoxNzI5MzI3Mzc5fQ.LLjMcu6gNA0tIhug-6gvvH1q8oLnsazcAho6KXrqywY",
    "7274271081": "eyJhbGciOiJIUzI1NiIsInR5cCI6IkpXVCJ9.eyJoYXNfZ3Vlc3QiOmZhbHNlLCJ0eXBlIjoiQUNDRVNTIiwiaXNzIjoiYmx1bSIsInN1YiI6IjViODlkODk5LWU3MTgtNGFhMC1hMDZmLTZmNzM1ZTQ2OTlkYyIsImV4cCI6MTcyOTMzMDk4NSwiaWF0IjoxNzI5MzI3Mzg1fQ.Qgk_8HWKgjViZlzVRamgQ6_q61VlreLTo4m_G29lUHY",
    "7422147609": "eyJhbGciOiJIUzI1NiIsInR5cCI6IkpXVCJ9.eyJoYXNfZ3Vlc3QiOmZhbHNlLCJ0eXBlIjoiQUNDRVNTIiwiaXNzIjoiYmx1bSIsInN1YiI6IjU4NGRjYjRmLWE2MTYtNDRiZi04ZDRkLTA4YTc4MWZjOWZmZSIsImV4cCI6MTcyOTMzMDk5MiwiaWF0IjoxNzI5MzI3MzkyfQ.NhNZWUQtRAhRWK9HRW2sBxpDqY97398xLfMR88LpErk",
    "7335711490": "eyJhbGciOiJIUzI1NiIsInR5cCI6IkpXVCJ9.eyJoYXNfZ3Vlc3QiOmZhbHNlLCJ0eXBlIjoiQUNDRVNTIiwiaXNzIjoiYmx1bSIsInN1YiI6IjRiNmNiZmQwLTBlMDUtNGQ5My1hN2QwLTI3MDA1ODg0Y2E2MSIsImV4cCI6MTcyOTMzMTAwMCwiaWF0IjoxNzI5MzI3NDAwfQ.PJD7Zv1WwslG5cbVmIWCqtC_CrtKX-d2o9_ixSS4lHw",
    "6404330642": "eyJhbGciOiJIUzI1NiIsInR5cCI6IkpXVCJ9.eyJoYXNfZ3Vlc3QiOmZhbHNlLCJ0eXBlIjoiQUNDRVNTIiwiaXNzIjoiYmx1bSIsInN1YiI6IjlkZTRlNWFmLWUxOTItNDBjNS05OGE0LWY0NmY0MmNiMTZiMiIsImV4cCI6MTcyOTMzMTAwNywiaWF0IjoxNzI5MzI3NDA3fQ.tiUmhKne-iHCCG-IuEg7Wyl7MtezpPOmfgZb7SB2jDE",
    "7298115420": "eyJhbGciOiJIUzI1NiIsInR5cCI6IkpXVCJ9.eyJoYXNfZ3Vlc3QiOmZhbHNlLCJ0eXBlIjoiQUNDRVNTIiwiaXNzIjoiYmx1bSIsInN1YiI6IjlmOGRjNTE5LTdmZmItNDAyYy1hNTI1LTQyZDM4ZTM4MjFmNCIsImV4cCI6MTcyOTMzMTAxMywiaWF0IjoxNzI5MzI3NDEzfQ.ZoHerGY9Hh3UUGjjM2rh-AcTJNqJl3zzbxXDUA9W9zE",
    "6782636058": "eyJhbGciOiJIUzI1NiIsInR5cCI6IkpXVCJ9.eyJoYXNfZ3Vlc3QiOmZhbHNlLCJ0eXBlIjoiQUNDRVNTIiwiaXNzIjoiYmx1bSIsInN1YiI6ImM1ZTllMTJhLTM1ZTMtNDU5MC05ZTdhLTRmYTJhZTQwN2Q3YiIsImV4cCI6MTcyOTMzMTA0MCwiaWF0IjoxNzI5MzI3NDQwfQ.vQ7VUgW86H_iKxs3FvrBW236OtVfynkIHrxNgoAOnew",
    "7139370118": "eyJhbGciOiJIUzI1NiIsInR5cCI6IkpXVCJ9.eyJoYXNfZ3Vlc3QiOmZhbHNlLCJ0eXBlIjoiQUNDRVNTIiwiaXNzIjoiYmx1bSIsInN1YiI6IjU3NWUzNTM0LTZiZDYtNGQ5MC1iYzRiLThhNzJjYjk5NWEyNSIsImV4cCI6MTcyOTMzMTA0NywiaWF0IjoxNzI5MzI3NDQ3fQ.QElnTnAosUiXZvL4F0c5dcevRmrk3r3FYIJlxYHN5h4",
    "7254888570": "eyJhbGciOiJIUzI1NiIsInR5cCI6IkpXVCJ9.eyJoYXNfZ3Vlc3QiOmZhbHNlLCJ0eXBlIjoiQUNDRVNTIiwiaXNzIjoiYmx1bSIsInN1YiI6ImY2YTM1MGZhLWEzN2QtNGI2YS04NWM4LTlkNzdjYjI5ZjdkMiIsImV4cCI6MTcyOTMzMTA1NSwiaWF0IjoxNzI5MzI3NDU1fQ.hOHBpAJOBbfi99w8vApL68EHDK0NbK_amPF7s_poBzI",
    "7139501287": "eyJhbGciOiJIUzI1NiIsInR5cCI6IkpXVCJ9.eyJoYXNfZ3Vlc3QiOmZhbHNlLCJ0eXBlIjoiQUNDRVNTIiwiaXNzIjoiYmx1bSIsInN1YiI6IjNmZWIxZjFiLTE1MmQtNGM0Mi1iNzA2LTA4NWI3NThmYmRlMiIsImV4cCI6MTcyOTMzMTA2MSwiaWF0IjoxNzI5MzI3NDYxfQ.gruOCYTW1GdAUbtuyj-vbf9IQdNhW910i4BI_yuNA54",
    "7054681790": "eyJhbGciOiJIUzI1NiIsInR5cCI6IkpXVCJ9.eyJoYXNfZ3Vlc3QiOmZhbHNlLCJ0eXBlIjoiQUNDRVNTIiwiaXNzIjoiYmx1bSIsInN1YiI6IjBkYWU1YTBkLTA5MDUtNDdmNi05Yzk5LWEwNjdlZWI4NDQ4ZiIsImV4cCI6MTcyOTMzMTA3MCwiaWF0IjoxNzI5MzI3NDcwfQ.Yxh1OwTnFnF6NtM7Grepqe0uTkctiFs4LyS2QYaSCwg",
    "7394648725": "eyJhbGciOiJIUzI1NiIsInR5cCI6IkpXVCJ9.eyJoYXNfZ3Vlc3QiOmZhbHNlLCJ0eXBlIjoiQUNDRVNTIiwiaXNzIjoiYmx1bSIsInN1YiI6IjU2MmI4OTdjLTJjNWUtNDAyMy1iYmE1LWU3NDZlMzBhMWZlNCIsImV4cCI6MTcyOTMzMTA3NywiaWF0IjoxNzI5MzI3NDc3fQ.vi_2uDRdcasMZzGMGFPr8AwswoUCvTp8p0EdYuPFrvs",
    "7238443263": "eyJhbGciOiJIUzI1NiIsInR5cCI6IkpXVCJ9.eyJoYXNfZ3Vlc3QiOmZhbHNlLCJ0eXBlIjoiQUNDRVNTIiwiaXNzIjoiYmx1bSIsInN1YiI6ImQ4NTQ3MzFmLWZmNjUtNGZmMC1hZTQ5LWQzNjRiYmY0Y2RiOSIsImV4cCI6MTcyOTMzMTA4NCwiaWF0IjoxNzI5MzI3NDg0fQ.9WFrLtU-E1DilBzIZFtUREyVow9NN3wHIRRtfqBPzTk",
    "7433921550": "eyJhbGciOiJIUzI1NiIsInR5cCI6IkpXVCJ9.eyJoYXNfZ3Vlc3QiOmZhbHNlLCJ0eXBlIjoiQUNDRVNTIiwiaXNzIjoiYmx1bSIsInN1YiI6Ijg4ZDAzNjQwLTBmZWItNGM1OC04NWEyLTQ3MGMyZGFjNWNmMSIsImV4cCI6MTcyOTMzMTA5MSwiaWF0IjoxNzI5MzI3NDkxfQ.Kehj2UYzHhpA7ylKqplP8lQT0U3TwVEbkwed8OEJs7c",
    "6946988220": "eyJhbGciOiJIUzI1NiIsInR5cCI6IkpXVCJ9.eyJoYXNfZ3Vlc3QiOmZhbHNlLCJ0eXBlIjoiQUNDRVNTIiwiaXNzIjoiYmx1bSIsInN1YiI6ImExY2FjNTU1LWQwY2ItNGU0MC1iZTEzLTY0ZWM5NzM0ZjViNSIsImV4cCI6MTcyOTMzMTA5OSwiaWF0IjoxNzI5MzI3NDk5fQ.cyhk9uMwAazcATKkezCWRGkeZow4MKSdEf8dxehogx0",
    "7463876822": "eyJhbGciOiJIUzI1NiIsInR5cCI6IkpXVCJ9.eyJoYXNfZ3Vlc3QiOmZhbHNlLCJ0eXBlIjoiQUNDRVNTIiwiaXNzIjoiYmx1bSIsInN1YiI6IjI3NTc5MzNkLTc1ZWEtNDA5OC1hYzNjLTQ5NTA1Y2ZmNjg1MCIsImV4cCI6MTcyOTMzMTE5NiwiaWF0IjoxNzI5MzI3NTk2fQ.p4qh8dwfX2ilS3q7qYPIKp-pmEgRB18wK8xgZsF26KY",
    "7024374040": "eyJhbGciOiJIUzI1NiIsInR5cCI6IkpXVCJ9.eyJoYXNfZ3Vlc3QiOmZhbHNlLCJ0eXBlIjoiQUNDRVNTIiwiaXNzIjoiYmx1bSIsInN1YiI6ImVmNzYyMzhkLTRlMjYtNDdkZi05NWFjLWY5OTkyYjY2YjUwOSIsImV4cCI6MTcyOTMzMTIwNSwiaWF0IjoxNzI5MzI3NjA1fQ.-kN1lY7697CYd3mB3cFU5wZctmu9TQEva96Beg1tcWY",
    "7316533355": "eyJhbGciOiJIUzI1NiIsInR5cCI6IkpXVCJ9.eyJoYXNfZ3Vlc3QiOmZhbHNlLCJ0eXBlIjoiQUNDRVNTIiwiaXNzIjoiYmx1bSIsInN1YiI6Ijg5OWQ1Mzg5LWM5MTEtNDgzMy05MWFiLTUyMzkwYTZmN2Y3ZSIsImV4cCI6MTcyOTMzMTIxNCwiaWF0IjoxNzI5MzI3NjE0fQ.zLOL6Qt5XRSMbBG8PRfHFdveckzZ6ukS0FDCQjuRgcM",
    "7126040670": "eyJhbGciOiJIUzI1NiIsInR5cCI6IkpXVCJ9.eyJoYXNfZ3Vlc3QiOmZhbHNlLCJ0eXBlIjoiQUNDRVNTIiwiaXNzIjoiYmx1bSIsInN1YiI6ImYwYjFjZTNiLTE0Y2ItNDYwNy1hYTRlLTQwMzM2YjYyNzQ0MiIsImV4cCI6MTcyOTMzMTIyMCwiaWF0IjoxNzI5MzI3NjIwfQ.JuyiuYLPQ505lJ7bVZxYVlLU0gckUX5e6uhNCIuSsEQ",
    "7238983795": "eyJhbGciOiJIUzI1NiIsInR5cCI6IkpXVCJ9.eyJoYXNfZ3Vlc3QiOmZhbHNlLCJ0eXBlIjoiQUNDRVNTIiwiaXNzIjoiYmx1bSIsInN1YiI6ImYxNWZkNTkyLTIwOWItNDhlZS04MTAxLTg1MzA4MWVjNzk5MCIsImV4cCI6MTcyOTMzMTIyOCwiaWF0IjoxNzI5MzI3NjI4fQ.9ozXAvpGRc3WKzlzETmSBleUgNZ5Yn9htKH2QQCfw_0",
    "6907654621": "eyJhbGciOiJIUzI1NiIsInR5cCI6IkpXVCJ9.eyJoYXNfZ3Vlc3QiOmZhbHNlLCJ0eXBlIjoiQUNDRVNTIiwiaXNzIjoiYmx1bSIsInN1YiI6ImVlZjg0YjQyLTQyYzQtNDZiYi04MGFiLTU5NWExZTdiYjBiZiIsImV4cCI6MTcyOTMzMTI0MiwiaWF0IjoxNzI5MzI3NjQyfQ.HaVIZYWdODAtketN9KYOJ86ewpy0xVoReU7Tm6L702o",
    "7229167246": "eyJhbGciOiJIUzI1NiIsInR5cCI6IkpXVCJ9.eyJoYXNfZ3Vlc3QiOmZhbHNlLCJ0eXBlIjoiQUNDRVNTIiwiaXNzIjoiYmx1bSIsInN1YiI6IjU1ODgzZDMyLWM1ZmItNDA4MC1hZDE1LTM0MzE4YWEyZTBhNyIsImV4cCI6MTcyOTMzMTI0OSwiaWF0IjoxNzI5MzI3NjQ5fQ.VThwxzxOUw5_oAubWctSoKVbi6ys4C_iGsTXobZ_Z-0",
    "7185781852": "eyJhbGciOiJIUzI1NiIsInR5cCI6IkpXVCJ9.eyJoYXNfZ3Vlc3QiOmZhbHNlLCJ0eXBlIjoiQUNDRVNTIiwiaXNzIjoiYmx1bSIsInN1YiI6IjNiMGUyY2VlLWRiNTgtNDQ0Zi1iYWRiLTQyYWNjNGRhOTRmNSIsImV4cCI6MTcyOTMzMTI1NiwiaWF0IjoxNzI5MzI3NjU2fQ.kP6sZd8l9xcEYizMEGB0qQ0N_rmQmi6qvxFZMEJIVCs",
    "7435089554": "eyJhbGciOiJIUzI1NiIsInR5cCI6IkpXVCJ9.eyJoYXNfZ3Vlc3QiOmZhbHNlLCJ0eXBlIjoiQUNDRVNTIiwiaXNzIjoiYmx1bSIsInN1YiI6IjhmOTc3YTM1LTU4MjItNGQ0YS1hMGYxLThkZTc5ZTVhOTI1OCIsImV4cCI6MTcyOTMzMTI2NSwiaWF0IjoxNzI5MzI3NjY1fQ.dejlJsnahxtfpEIKyUL65d9A-dsvTmTWHUA63tGqWx4",
    "7298368540": "eyJhbGciOiJIUzI1NiIsInR5cCI6IkpXVCJ9.eyJoYXNfZ3Vlc3QiOmZhbHNlLCJ0eXBlIjoiQUNDRVNTIiwiaXNzIjoiYmx1bSIsInN1YiI6ImUyZThlZTRjLTJhMjQtNGRiNy1hYzJmLWJlZmZkNjIwYmNkOSIsImV4cCI6MTcyOTMzMTI3MiwiaWF0IjoxNzI5MzI3NjcyfQ.sU-VfpDju4Nh-6286fmUQILNVdDujhc8Qc1nOWfNbvY",
    "7212120019": "eyJhbGciOiJIUzI1NiIsInR5cCI6IkpXVCJ9.eyJoYXNfZ3Vlc3QiOmZhbHNlLCJ0eXBlIjoiQUNDRVNTIiwiaXNzIjoiYmx1bSIsInN1YiI6IjA1ZmJjYTQ4LTY1NmYtNGYzMS05NzQzLWZiMzRkZjlhMjViNyIsImV4cCI6MTcyOTMzMTI3OCwiaWF0IjoxNzI5MzI3Njc4fQ.xnTvoVww1J8XpO0RPwweRS7RHa3lmxv92oWIrow5ESg",
    "7188392359": "eyJhbGciOiJIUzI1NiIsInR5cCI6IkpXVCJ9.eyJoYXNfZ3Vlc3QiOmZhbHNlLCJ0eXBlIjoiQUNDRVNTIiwiaXNzIjoiYmx1bSIsInN1YiI6ImI0M2IwOWUyLTQyMzUtNDQ3Mi1hNmQ1LThkM2YwNWQ2YzA5OSIsImV4cCI6MTcyOTMzMTI4NiwiaWF0IjoxNzI5MzI3Njg2fQ.cc7x_N8LVlbT4zsAu9IBDvLlxxjGDD9eninOFkwToAc",
    "6089153075": "eyJhbGciOiJIUzI1NiIsInR5cCI6IkpXVCJ9.eyJoYXNfZ3Vlc3QiOmZhbHNlLCJ0eXBlIjoiQUNDRVNTIiwiaXNzIjoiYmx1bSIsInN1YiI6IjgxYjJmMTMwLTliNjYtNDUzNS1hZTNiLTRlNGU4ZmM2YzNlOCIsImV4cCI6MTcyOTMzMTI5MywiaWF0IjoxNzI5MzI3NjkzfQ.7DqC4IcoWkcHgC5yAMtZu4Q8ch1pzurhVi9rz02hE9o",
    "7419106989": "eyJhbGciOiJIUzI1NiIsInR5cCI6IkpXVCJ9.eyJoYXNfZ3Vlc3QiOmZhbHNlLCJ0eXBlIjoiQUNDRVNTIiwiaXNzIjoiYmx1bSIsInN1YiI6IjUxZWRkN2NiLWE2NTMtNDk4Yy1iMDRhLWYyZWI3ZDAxMWE0YyIsImV4cCI6MTcyOTMzMTMwMSwiaWF0IjoxNzI5MzI3NzAxfQ.VKWI7caWcXOt9ALiXLNX2GyCrGoGayyWgJUgkamOCEI",
    "6779601193": "eyJhbGciOiJIUzI1NiIsInR5cCI6IkpXVCJ9.eyJoYXNfZ3Vlc3QiOmZhbHNlLCJ0eXBlIjoiQUNDRVNTIiwiaXNzIjoiYmx1bSIsInN1YiI6IjkzYzFmOWE3LTc5OWMtNDFmNS1hODk0LTVhNjAxMzFkNzAyMCIsImV4cCI6MTcyOTMzMTMwOCwiaWF0IjoxNzI5MzI3NzA4fQ.PR31Tw5gOAQWHu_UzC7736egsRxHbM4GxtZs08MK0xU",
    "7373778360": "eyJhbGciOiJIUzI1NiIsInR5cCI6IkpXVCJ9.eyJoYXNfZ3Vlc3QiOmZhbHNlLCJ0eXBlIjoiQUNDRVNTIiwiaXNzIjoiYmx1bSIsInN1YiI6IjMzNjg4ZTRhLTMxZGMtNGU4ZC04NDJmLWYxZTg5NWE5NzliZSIsImV4cCI6MTcyOTMzMTMxNSwiaWF0IjoxNzI5MzI3NzE1fQ.TpETXI_MYJsEDeuqJc6zQp16FpdiRLkLaQBuq3Adm3w",
    "7248825238": "eyJhbGciOiJIUzI1NiIsInR5cCI6IkpXVCJ9.eyJoYXNfZ3Vlc3QiOmZhbHNlLCJ0eXBlIjoiQUNDRVNTIiwiaXNzIjoiYmx1bSIsInN1YiI6ImU2NGU4NGQ1LTkxYzEtNDE4Yy1hZGY1LWNjMWM4MTIxM2U2YiIsImV4cCI6MTcyOTMzMTMyMywiaWF0IjoxNzI5MzI3NzIzfQ.JO79FZYyaLNuiTHD0yDV9VBJFrQ08gTxODw6NvAOYSE",
    "7448645762": "eyJhbGciOiJIUzI1NiIsInR5cCI6IkpXVCJ9.eyJoYXNfZ3Vlc3QiOmZhbHNlLCJ0eXBlIjoiQUNDRVNTIiwiaXNzIjoiYmx1bSIsInN1YiI6IjY3ZTg2MjgzLTExY2UtNGViNC1hMmY1LWVjYTQxZjkyMzdkNyIsImV4cCI6MTcyOTMzMTMzMiwiaWF0IjoxNzI5MzI3NzMyfQ.CVFmOOsfsu8vqL650AVcRJCJbRTah_auR_tn3H5e3vM",
    "7392076804": "eyJhbGciOiJIUzI1NiIsInR5cCI6IkpXVCJ9.eyJoYXNfZ3Vlc3QiOmZhbHNlLCJ0eXBlIjoiQUNDRVNTIiwiaXNzIjoiYmx1bSIsInN1YiI6ImE1Y2RjNTkyLWQwNWMtNGJmMC05MDE3LTljZTNlMmRhODk5MCIsImV4cCI6MTcyOTMzMTMzOSwiaWF0IjoxNzI5MzI3NzM5fQ.5vMQ_RRlEp5VAX5Jpmm8nNzjt33sYfVlK0qpGnN0W5Q",
    "7411383328": "eyJhbGciOiJIUzI1NiIsInR5cCI6IkpXVCJ9.eyJoYXNfZ3Vlc3QiOmZhbHNlLCJ0eXBlIjoiQUNDRVNTIiwiaXNzIjoiYmx1bSIsInN1YiI6IjFiZWI3MzliLWUyMjAtNGE4OC04MGU1LWQzNDM1ZjMxM2Q0MCIsImV4cCI6MTcyOTMzMTM0NiwiaWF0IjoxNzI5MzI3NzQ2fQ.hHraOrIymT-hBzdEpLof54Z6HX3HpD2VstMwUpnBavg",
    "7074155282": "eyJhbGciOiJIUzI1NiIsInR5cCI6IkpXVCJ9.eyJoYXNfZ3Vlc3QiOmZhbHNlLCJ0eXBlIjoiQUNDRVNTIiwiaXNzIjoiYmx1bSIsInN1YiI6ImQ2YjljMjkyLTNjMTktNDA4OS04Y2M5LWE4MzRiNzEzZTZiMyIsImV4cCI6MTcyOTMzMTM1MywiaWF0IjoxNzI5MzI3NzUzfQ.4Gy0TJ7-lvsa7rQQokhDbPTG181kCozw_vvC2QJYxVI",
    "7280815883": "eyJhbGciOiJIUzI1NiIsInR5cCI6IkpXVCJ9.eyJoYXNfZ3Vlc3QiOmZhbHNlLCJ0eXBlIjoiQUNDRVNTIiwiaXNzIjoiYmx1bSIsInN1YiI6IjFhODVhMTczLTg5OTYtNDAwMC1iNDgzLTA3Y2U5Y2FmOGIzOCIsImV4cCI6MTcyOTMzMTM2MCwiaWF0IjoxNzI5MzI3NzYwfQ.7RMUCDzhMmLdRjR25B35VvF8FOhWsMo4nBc9LkQ7Zok",
    "7014256720": "eyJhbGciOiJIUzI1NiIsInR5cCI6IkpXVCJ9.eyJoYXNfZ3Vlc3QiOmZhbHNlLCJ0eXBlIjoiQUNDRVNTIiwiaXNzIjoiYmx1bSIsInN1YiI6IjIwOWEzZDNkLTRlZTktNDQyMi05MTcwLWY2NTYxMGUxNjI0NyIsImV4cCI6MTcyOTMzMTM2OCwiaWF0IjoxNzI5MzI3NzY4fQ.yY2-ilbk2_z8q-p3NLeMnttQo0D3XHTm7EW426zTyLs",
    "7184158589": "eyJhbGciOiJIUzI1NiIsInR5cCI6IkpXVCJ9.eyJoYXNfZ3Vlc3QiOmZhbHNlLCJ0eXBlIjoiQUNDRVNTIiwiaXNzIjoiYmx1bSIsInN1YiI6ImIxOTUyZmY3LWU5NDEtNDBlYi1hOTQ4LWYzNjEzMTNjMjY1YiIsImV4cCI6MTcyOTMzMTM3NiwiaWF0IjoxNzI5MzI3Nzc2fQ.D29q98ZJ5vt5PVv5gHuy5Q4KbzVbprfLedosnp-2Xdo",
    "7201153170": "eyJhbGciOiJIUzI1NiIsInR5cCI6IkpXVCJ9.eyJoYXNfZ3Vlc3QiOmZhbHNlLCJ0eXBlIjoiQUNDRVNTIiwiaXNzIjoiYmx1bSIsInN1YiI6IjhiZWRjMmVlLWM4ZGYtNDcyOS04Y2FiLTA5YTFiNDVlMTg1NSIsImV4cCI6MTcyOTMzMTM4MywiaWF0IjoxNzI5MzI3NzgzfQ.IlmltgDlhl1IoGQ5A5PKrMqyOK-acYMI_Ns0QbGM4K4",
    "7466185704": "eyJhbGciOiJIUzI1NiIsInR5cCI6IkpXVCJ9.eyJoYXNfZ3Vlc3QiOmZhbHNlLCJ0eXBlIjoiQUNDRVNTIiwiaXNzIjoiYmx1bSIsInN1YiI6ImY3YjVlMzY2LTgyMWMtNGE0My04YTc0LWU2ZTNjMTNlNjdhYiIsImV4cCI6MTcyOTMzMTM5MSwiaWF0IjoxNzI5MzI3NzkxfQ.P4na4nfMHoKwR3Eu5_EXOHQC14atSiHyiXC6uAUO4NE",
    "7188455318": "eyJhbGciOiJIUzI1NiIsInR5cCI6IkpXVCJ9.eyJoYXNfZ3Vlc3QiOmZhbHNlLCJ0eXBlIjoiQUNDRVNTIiwiaXNzIjoiYmx1bSIsInN1YiI6ImVjMjg3ZGNiLWNmMGMtNDRiNi1iMDAxLTQ0MWIyOTBiODlkYiIsImV4cCI6MTcyOTMzMTM5OCwiaWF0IjoxNzI5MzI3Nzk4fQ.ykGxgE_oolxA4bfNkBopvl4SsL216rp1SZSz7ItwbhU",
    "7176212441": "eyJhbGciOiJIUzI1NiIsInR5cCI6IkpXVCJ9.eyJoYXNfZ3Vlc3QiOmZhbHNlLCJ0eXBlIjoiQUNDRVNTIiwiaXNzIjoiYmx1bSIsInN1YiI6ImIyYTBmZDEwLWQ0MTctNGNiYS04OTI3LTFlMDc5MmM3ZjcyOCIsImV4cCI6MTcyOTMzMTQwNywiaWF0IjoxNzI5MzI3ODA3fQ.2wLxcJgSmHV8TrYdCVF2Fkt-Vr40DHOKOImwIqXdqMs",
    "7206230778": "eyJhbGciOiJIUzI1NiIsInR5cCI6IkpXVCJ9.eyJoYXNfZ3Vlc3QiOmZhbHNlLCJ0eXBlIjoiQUNDRVNTIiwiaXNzIjoiYmx1bSIsInN1YiI6ImU2MjliNzBjLTcwNGEtNGNiZC1iYzcwLWMzZTY4NTVmMTkzYiIsImV4cCI6MTcyOTMzMTQxNiwiaWF0IjoxNzI5MzI3ODE2fQ.c8aGsuUBXmNmWoWW_pKgFcyoHxJpSveMGbcOCE5xQe8",
    "7204164451": "eyJhbGciOiJIUzI1NiIsInR5cCI6IkpXVCJ9.eyJoYXNfZ3Vlc3QiOmZhbHNlLCJ0eXBlIjoiQUNDRVNTIiwiaXNzIjoiYmx1bSIsInN1YiI6IjA4MmMyZGFhLTg5OTYtNDI0OC04YWFkLTljMTZhY2MzZjQ2NCIsImV4cCI6MTcyOTMzMTQyNSwiaWF0IjoxNzI5MzI3ODI1fQ.5AWyOAysX7N82yWtNEzvmlO4WxlJ0rUur3JGvwFfupw",
    "7157926210": "eyJhbGciOiJIUzI1NiIsInR5cCI6IkpXVCJ9.eyJoYXNfZ3Vlc3QiOmZhbHNlLCJ0eXBlIjoiQUNDRVNTIiwiaXNzIjoiYmx1bSIsInN1YiI6IjBiZDAwYzllLTRiYmYtNDZiMy1hY2U1LTAzNjdmYWI1NGZiNCIsImV4cCI6MTcyOTMzMTQzNCwiaWF0IjoxNzI5MzI3ODM0fQ.nbN3Jj_dYE4c5bbpvOH6WV-osNqFFhRmL524xKV79-Q",
    "7220576553": "eyJhbGciOiJIUzI1NiIsInR5cCI6IkpXVCJ9.eyJoYXNfZ3Vlc3QiOmZhbHNlLCJ0eXBlIjoiQUNDRVNTIiwiaXNzIjoiYmx1bSIsInN1YiI6IjlhZjg1ZDFmLTM4YjItNGQ5NC05NTcwLTA2ZWRiODQ2MDBlYyIsImV4cCI6MTcyOTMzMTQ0MSwiaWF0IjoxNzI5MzI3ODQxfQ.WwAbU-GYjUeGaoRd-JzQRc9PqIlmWxhBag9NkQu-TYw",
    "7173289196": "eyJhbGciOiJIUzI1NiIsInR5cCI6IkpXVCJ9.eyJoYXNfZ3Vlc3QiOmZhbHNlLCJ0eXBlIjoiQUNDRVNTIiwiaXNzIjoiYmx1bSIsInN1YiI6IjMwMDBiNmM4LWU5ZGMtNGVkZC04NTEyLTJiMGFmODZkMjM2YSIsImV4cCI6MTcyOTMzMTQ0OCwiaWF0IjoxNzI5MzI3ODQ4fQ.RywYw3yG_97ZzYKmFtmrPb72EQI5FhFTUpCMl60Nu5Y",
    "6863465989": "eyJhbGciOiJIUzI1NiIsInR5cCI6IkpXVCJ9.eyJoYXNfZ3Vlc3QiOmZhbHNlLCJ0eXBlIjoiQUNDRVNTIiwiaXNzIjoiYmx1bSIsInN1YiI6IjQ2YjJmMzRmLTA2OGEtNDI1MS1hOWEwLWVjNDA3OGYzZWExOCIsImV4cCI6MTcyOTMzMTQ1NywiaWF0IjoxNzI5MzI3ODU3fQ.abeJfYiZzv9LCoLD7DcsdCsDjsoBRUnQKKmt77_B3NU",
    "7380824771": "eyJhbGciOiJIUzI1NiIsInR5cCI6IkpXVCJ9.eyJoYXNfZ3Vlc3QiOmZhbHNlLCJ0eXBlIjoiQUNDRVNTIiwiaXNzIjoiYmx1bSIsInN1YiI6Ijk5MTM1MWViLTQwMDEtNDEzMy1iZWE4LTIxYTZhZjM0MWRiZCIsImV4cCI6MTcyOTMzMTQ2NSwiaWF0IjoxNzI5MzI3ODY1fQ.04zY62rZPbzAzROgPHzAxglkW42d1bUggjWxhC1jYFo",
    "7405898857": "eyJhbGciOiJIUzI1NiIsInR5cCI6IkpXVCJ9.eyJoYXNfZ3Vlc3QiOmZhbHNlLCJ0eXBlIjoiQUNDRVNTIiwiaXNzIjoiYmx1bSIsInN1YiI6IjkzMTY4NzA2LTUwOWEtNDgzZC04NzI5LTNkODEwMmI4YTc3ZiIsImV4cCI6MTcyOTMzMTQ3NCwiaWF0IjoxNzI5MzI3ODc0fQ.d8epT9IqkXXW5LyggBeNmls_dxotTxGDLHXV9oOKZaY",
    "6444802691": "eyJhbGciOiJIUzI1NiIsInR5cCI6IkpXVCJ9.eyJoYXNfZ3Vlc3QiOmZhbHNlLCJ0eXBlIjoiQUNDRVNTIiwiaXNzIjoiYmx1bSIsInN1YiI6ImM1ZWE2YzM0LWViYmItNDhiMy05MmQzLTgyYWNmYWRlYmZjMiIsImV4cCI6MTcyOTMzMTQ4MSwiaWF0IjoxNzI5MzI3ODgxfQ.Q3kyXpjJP6M8BCip7XKAVPSUQAvG-g2KE0hKMiwnKyk",
    "7220904776": "eyJhbGciOiJIUzI1NiIsInR5cCI6IkpXVCJ9.eyJoYXNfZ3Vlc3QiOmZhbHNlLCJ0eXBlIjoiQUNDRVNTIiwiaXNzIjoiYmx1bSIsInN1YiI6IjU2OWRhM2U4LTg3NTAtNGE2Ni05NDQ5LTdlN2EwNDI5ODE3ZiIsImV4cCI6MTcyOTMzMTQ4OSwiaWF0IjoxNzI5MzI3ODg5fQ.k2_934ZDz36XUYnuh0IttEb9cZF-4AZJyAiUdFFzxwk",
    "7442414042": "eyJhbGciOiJIUzI1NiIsInR5cCI6IkpXVCJ9.eyJoYXNfZ3Vlc3QiOmZhbHNlLCJ0eXBlIjoiQUNDRVNTIiwiaXNzIjoiYmx1bSIsInN1YiI6ImYwOWQ4YzM2LTEwN2ItNGQ0Yi05MzJiLTdmZWQwZWI2MDIyMSIsImV4cCI6MTcyOTMzMTQ5NywiaWF0IjoxNzI5MzI3ODk3fQ.gIVEgo5hElx-q99WnJDDLeLerxUXTcorkf8Jc9eW490",
    "7064675700": "eyJhbGciOiJIUzI1NiIsInR5cCI6IkpXVCJ9.eyJoYXNfZ3Vlc3QiOmZhbHNlLCJ0eXBlIjoiQUNDRVNTIiwiaXNzIjoiYmx1bSIsInN1YiI6Ijc3Y2VhY2YwLWEwMDQtNDllMC04MDgzLWRmYzVkNGE2Yjc1MiIsImV4cCI6MTcyOTMzMTUwMywiaWF0IjoxNzI5MzI3OTAzfQ.mbxw1xl1R4CYqE5TpiMUbwmnydG5WBg-zN2WPHWO2C8",
    "6714517227": "eyJhbGciOiJIUzI1NiIsInR5cCI6IkpXVCJ9.eyJoYXNfZ3Vlc3QiOmZhbHNlLCJ0eXBlIjoiQUNDRVNTIiwiaXNzIjoiYmx1bSIsInN1YiI6ImRhNmY5OTRjLTU0MTAtNGQ0NC05ZWEzLWRhZjM3Y2YxNDFjYiIsImV4cCI6MTcyOTMzMTUxMSwiaWF0IjoxNzI5MzI3OTExfQ.AYxLRHkwzLw1u1Ctk_cf3EVo0j12EhTVRVS-bLR486k",
    "7427186940": "eyJhbGciOiJIUzI1NiIsInR5cCI6IkpXVCJ9.eyJoYXNfZ3Vlc3QiOmZhbHNlLCJ0eXBlIjoiQUNDRVNTIiwiaXNzIjoiYmx1bSIsInN1YiI6IjNlMzExYWIwLTUyNWYtNDYwOC04OGE1LTIxNDVmYjExOTY5MiIsImV4cCI6MTcyOTMzMTUxOCwiaWF0IjoxNzI5MzI3OTE4fQ.AkUy2s-KP-iyDOxkD0KHMEzhN9UE2HwfnFAKujl4TGs",
    "7167059626": "eyJhbGciOiJIUzI1NiIsInR5cCI6IkpXVCJ9.eyJoYXNfZ3Vlc3QiOmZhbHNlLCJ0eXBlIjoiQUNDRVNTIiwiaXNzIjoiYmx1bSIsInN1YiI6IjIyNzE3NTdmLWI0OTktNDAyOC04MTM2LTQxYjE3OTdhNWRmYSIsImV4cCI6MTcyOTMzMTUyNSwiaWF0IjoxNzI5MzI3OTI1fQ.GDHUZjlM_MXtuq-xzkzfQaUZkpHJoe1WNylOp17uTho",
    "7000484847": "eyJhbGciOiJIUzI1NiIsInR5cCI6IkpXVCJ9.eyJoYXNfZ3Vlc3QiOmZhbHNlLCJ0eXBlIjoiQUNDRVNTIiwiaXNzIjoiYmx1bSIsInN1YiI6IjZjZWYxNmFjLTcxYWUtNGIwOC04NmEwLThmMzc4YjI0MGY1YSIsImV4cCI6MTcyOTMzMTUzNSwiaWF0IjoxNzI5MzI3OTM1fQ.QhEBDWG5HKhy9y0g3NFpZu2XIiwRh6n-lJRVywYcSbs",
    "7407731026": "eyJhbGciOiJIUzI1NiIsInR5cCI6IkpXVCJ9.eyJoYXNfZ3Vlc3QiOmZhbHNlLCJ0eXBlIjoiQUNDRVNTIiwiaXNzIjoiYmx1bSIsInN1YiI6IjZkNWQ2YmU1LWRkZTYtNGQxZi05OGU2LWU3YjAxMTlmNzljYiIsImV4cCI6MTcyOTMzMTU0MiwiaWF0IjoxNzI5MzI3OTQyfQ.g31WqVZ76Sdu_0AeqBTOyQu_DdxcAtO1U6-2yw6bQtQ",
    "7371168224": "eyJhbGciOiJIUzI1NiIsInR5cCI6IkpXVCJ9.eyJoYXNfZ3Vlc3QiOmZhbHNlLCJ0eXBlIjoiQUNDRVNTIiwiaXNzIjoiYmx1bSIsInN1YiI6ImZiMjIyNWVlLWE1MTEtNDA1MC05YjFkLTNkMjdlYmIzNDFiYiIsImV4cCI6MTcyOTMzMTU1MSwiaWF0IjoxNzI5MzI3OTUxfQ.A-1y3d3BCKO1kL3E0QyZU-doCAYm7l9_GH8FqTUQtOU",
    "7443094435": "eyJhbGciOiJIUzI1NiIsInR5cCI6IkpXVCJ9.eyJoYXNfZ3Vlc3QiOmZhbHNlLCJ0eXBlIjoiQUNDRVNTIiwiaXNzIjoiYmx1bSIsInN1YiI6IjUxNTZmNGNmLWI0ODYtNGIxZi1hNmQ4LTY3MzgxMWE0MmVkMSIsImV4cCI6MTcyOTMzMTU1OCwiaWF0IjoxNzI5MzI3OTU4fQ.a45r-usQ1-iWt6oiv2XHe0w0_evKCUuRi4CNjl2GgCg",
    "7066292605": "eyJhbGciOiJIUzI1NiIsInR5cCI6IkpXVCJ9.eyJoYXNfZ3Vlc3QiOmZhbHNlLCJ0eXBlIjoiQUNDRVNTIiwiaXNzIjoiYmx1bSIsInN1YiI6Ijc0YWExMjJlLTFhOTctNDVlNi1hMWUzLTljZTYxNDcyODE4YyIsImV4cCI6MTcyOTMzMTU2NiwiaWF0IjoxNzI5MzI3OTY2fQ.qcDZaJ6HTCwZWktwXQgv1d7ITEQTYMuFdTzskFx5ZnQ",
    "7128766271": "eyJhbGciOiJIUzI1NiIsInR5cCI6IkpXVCJ9.eyJoYXNfZ3Vlc3QiOmZhbHNlLCJ0eXBlIjoiQUNDRVNTIiwiaXNzIjoiYmx1bSIsInN1YiI6IjNkZTU4NzJjLWE4MzMtNGY4MS05NDg2LTlmZjEwN2IyOWQyYiIsImV4cCI6MTcyOTMzMTU3MywiaWF0IjoxNzI5MzI3OTczfQ.t67-WorG7xVyxiPpvx0OetAmEpyce8h_YbjzAQv6rqs",
    "7261235473": "eyJhbGciOiJIUzI1NiIsInR5cCI6IkpXVCJ9.eyJoYXNfZ3Vlc3QiOmZhbHNlLCJ0eXBlIjoiQUNDRVNTIiwiaXNzIjoiYmx1bSIsInN1YiI6ImYxODZjN2IwLWQ4ZjgtNGU0ZS1iNDkxLTM4OTBhZTE5ODNiOSIsImV4cCI6MTcyOTMzMTU4MSwiaWF0IjoxNzI5MzI3OTgxfQ.gnJUTO7O6pT4ImEI5gZLVhx-uaaqAPh7f25EtCCymck",
    "7425345895": "eyJhbGciOiJIUzI1NiIsInR5cCI6IkpXVCJ9.eyJoYXNfZ3Vlc3QiOmZhbHNlLCJ0eXBlIjoiQUNDRVNTIiwiaXNzIjoiYmx1bSIsInN1YiI6IjViNmFlZTE0LWEwODktNDI0Ni05ZDRiLWQzZjY4MWYyNzU5YyIsImV4cCI6MTcyOTMzMTU4OCwiaWF0IjoxNzI5MzI3OTg4fQ.GQ17TBrHjU_AaXBctifQpss_AAkPN7Fx9pdt9TKZJyI",
    "7331370286": "eyJhbGciOiJIUzI1NiIsInR5cCI6IkpXVCJ9.eyJoYXNfZ3Vlc3QiOmZhbHNlLCJ0eXBlIjoiQUNDRVNTIiwiaXNzIjoiYmx1bSIsInN1YiI6IjNiY2IwZTcyLTI2ZGItNDNkNC04ZDVjLTM5NzNmYTY3ZDQzNCIsImV4cCI6MTcyOTMzMTU5NywiaWF0IjoxNzI5MzI3OTk3fQ.B7oPxW4v2KDJU-tr95Q7WMS_FUN3Jgyg1neAWpCHlt4",
    "7468438759": "eyJhbGciOiJIUzI1NiIsInR5cCI6IkpXVCJ9.eyJoYXNfZ3Vlc3QiOmZhbHNlLCJ0eXBlIjoiQUNDRVNTIiwiaXNzIjoiYmx1bSIsInN1YiI6ImVhZGJhNjc2LWZhMzctNGE3Zi04ZTUwLTk0OWJjMTEyOWZjMCIsImV4cCI6MTcyOTMzMTYwNSwiaWF0IjoxNzI5MzI4MDA1fQ.8ShG_6OJH057nc5AIR_mDUa55JeUJotw30r5zuX2MCI",
    "7494250548": "eyJhbGciOiJIUzI1NiIsInR5cCI6IkpXVCJ9.eyJoYXNfZ3Vlc3QiOmZhbHNlLCJ0eXBlIjoiQUNDRVNTIiwiaXNzIjoiYmx1bSIsInN1YiI6ImRhMGQ0ODgxLTRkMGUtNGQwYS04NDk4LTM3NDk1NzQ2ODEwYiIsImV4cCI6MTcyOTMzMTYxMywiaWF0IjoxNzI5MzI4MDEzfQ.WmNKflgdhdOoENJWI3FY1o8pDlpfXtjx-qIr8aFOpIM",
    "7349607220": "eyJhbGciOiJIUzI1NiIsInR5cCI6IkpXVCJ9.eyJoYXNfZ3Vlc3QiOmZhbHNlLCJ0eXBlIjoiQUNDRVNTIiwiaXNzIjoiYmx1bSIsInN1YiI6IjQxZWFlZWMxLWY4NmEtNDExNC05ODc1LTEyMWQ3ZjVhM2FkNiIsImV4cCI6MTcyOTMzMTYyMSwiaWF0IjoxNzI5MzI4MDIxfQ.ho3gLa8rSrO8MUUA3N0orJQYSnwv05MJTkNv6C97R8o",
    "7479519712": "eyJhbGciOiJIUzI1NiIsInR5cCI6IkpXVCJ9.eyJoYXNfZ3Vlc3QiOmZhbHNlLCJ0eXBlIjoiQUNDRVNTIiwiaXNzIjoiYmx1bSIsInN1YiI6IjQ3MTE1Yjc1LTQwZDMtNGYwYi05NWY0LTA1MWY1OWQ3YWI5ZSIsImV4cCI6MTcyOTMzMTYyOSwiaWF0IjoxNzI5MzI4MDI5fQ.84sVlkqaNY-Z5pmaf3Ad8ZluPCIYrywWxLDk9rgG3z8",
    "7048089076": "eyJhbGciOiJIUzI1NiIsInR5cCI6IkpXVCJ9.eyJoYXNfZ3Vlc3QiOmZhbHNlLCJ0eXBlIjoiQUNDRVNTIiwiaXNzIjoiYmx1bSIsInN1YiI6ImFjMmVkODMzLTM4NGEtNDZjOS1hY2JjLTY3M2Q5NTZmY2FkMSIsImV4cCI6MTcyOTMzMTYzNSwiaWF0IjoxNzI5MzI4MDM1fQ.yMRudt7uvWvr1mBFGw3bpCmRwYwVvzYwQtq0gn3Ngus",
    "7374861018": "eyJhbGciOiJIUzI1NiIsInR5cCI6IkpXVCJ9.eyJoYXNfZ3Vlc3QiOmZhbHNlLCJ0eXBlIjoiQUNDRVNTIiwiaXNzIjoiYmx1bSIsInN1YiI6IjAwNjk0YjQ0LTdkYmItNGNhNi1hZjhhLWM2NWNlM2JhZDZhMiIsImV4cCI6MTcyOTMzMTY0MywiaWF0IjoxNzI5MzI4MDQzfQ.Y8oJc1Xy0UEaDSpimHCP6IuzSBjM7rflj9BF2b830N4",
    "7457024674": "eyJhbGciOiJIUzI1NiIsInR5cCI6IkpXVCJ9.eyJoYXNfZ3Vlc3QiOmZhbHNlLCJ0eXBlIjoiQUNDRVNTIiwiaXNzIjoiYmx1bSIsInN1YiI6IjlhYjRkNDg1LWU5NmQtNDFkZC1iYTFjLTYwZWM3YWJjYTQ1NCIsImV4cCI6MTcyOTMzMTY1MiwiaWF0IjoxNzI5MzI4MDUyfQ.-jSvDaIUnDC03FtAWR5k4QxRvYCi9TmoIbabdIF_R7s",
    "7057334673": "eyJhbGciOiJIUzI1NiIsInR5cCI6IkpXVCJ9.eyJoYXNfZ3Vlc3QiOmZhbHNlLCJ0eXBlIjoiQUNDRVNTIiwiaXNzIjoiYmx1bSIsInN1YiI6IjY3NGNiNGY4LTZmNzgtNDUxZS1iNmNlLWZlODg3NDFiNGIwNCIsImV4cCI6MTcyOTMzMTY2MCwiaWF0IjoxNzI5MzI4MDYwfQ.jE5INtntKl2lJis14tkLTa6JB1lk-aQwEwreE2VJ3h0",
    "7003608128": "eyJhbGciOiJIUzI1NiIsInR5cCI6IkpXVCJ9.eyJoYXNfZ3Vlc3QiOmZhbHNlLCJ0eXBlIjoiQUNDRVNTIiwiaXNzIjoiYmx1bSIsInN1YiI6ImFlYTdkNjMyLWRjOGQtNDRkNC04YmFkLTQ1MGZkNmIxNmNjOCIsImV4cCI6MTcyOTMzMTY2OCwiaWF0IjoxNzI5MzI4MDY4fQ.qgRvsYL6mpH6RR_i-mEmp3uWqYC_sPnIvTYdWAhX39E",
    "7315555494": "eyJhbGciOiJIUzI1NiIsInR5cCI6IkpXVCJ9.eyJoYXNfZ3Vlc3QiOmZhbHNlLCJ0eXBlIjoiQUNDRVNTIiwiaXNzIjoiYmx1bSIsInN1YiI6IjIwYjI5N2JlLTI4MGQtNDFmMy1hZThlLTU4M2VlMGRmNjYwYSIsImV4cCI6MTcyOTMzMTY3NSwiaWF0IjoxNzI5MzI4MDc1fQ.rYl6zLnwOkCeew-t8Hge1LeXs7n7SwtGGb3LF056_3o",
    "7048511915": "eyJhbGciOiJIUzI1NiIsInR5cCI6IkpXVCJ9.eyJoYXNfZ3Vlc3QiOmZhbHNlLCJ0eXBlIjoiQUNDRVNTIiwiaXNzIjoiYmx1bSIsInN1YiI6ImNkYzhiNzJjLWU5YmQtNDJlNC05ODFhLWI1ZDM3ZTJiNGZiMiIsImV4cCI6MTcyOTMzMTY4MiwiaWF0IjoxNzI5MzI4MDgyfQ.OpPmddm6w414WhpvM9RRcEks4T0dww8Co821RKy3GeE",
    "7377040314": "eyJhbGciOiJIUzI1NiIsInR5cCI6IkpXVCJ9.eyJoYXNfZ3Vlc3QiOmZhbHNlLCJ0eXBlIjoiQUNDRVNTIiwiaXNzIjoiYmx1bSIsInN1YiI6IjRlZDAyYmI0LWVjZGEtNDJhZi04NDc5LWE4ODdmZTBhZDY0NCIsImV4cCI6MTcyOTMzMTY4OSwiaWF0IjoxNzI5MzI4MDg5fQ.sbpNPBK3cXaKrYGgVrFaixXel_WMkUdnMFizkrtSy8w",
    "7174487061": "eyJhbGciOiJIUzI1NiIsInR5cCI6IkpXVCJ9.eyJoYXNfZ3Vlc3QiOmZhbHNlLCJ0eXBlIjoiQUNDRVNTIiwiaXNzIjoiYmx1bSIsInN1YiI6ImM3OTUzZmU3LWJjMTctNDBiZi05YTAwLTE2NGRjNDA1OGQ5NCIsImV4cCI6MTcyOTMzMTY5NywiaWF0IjoxNzI5MzI4MDk3fQ.NNdRt_m5hFjB3VxiKzugTAFetncS3mB9Jo8iblEekH8",
    "7241848114": "eyJhbGciOiJIUzI1NiIsInR5cCI6IkpXVCJ9.eyJoYXNfZ3Vlc3QiOmZhbHNlLCJ0eXBlIjoiQUNDRVNTIiwiaXNzIjoiYmx1bSIsInN1YiI6ImM3MjM4MTAzLTFmMjUtNDY0NC1hMjJmLTI0YjJhNTI3NTFmNiIsImV4cCI6MTcyOTMzMTcwNCwiaWF0IjoxNzI5MzI4MTA0fQ.RzmChXhqNDitcLD8sz2w7phB086e-ajUtt9_jz2ybWI",
    "7491224416": "eyJhbGciOiJIUzI1NiIsInR5cCI6IkpXVCJ9.eyJoYXNfZ3Vlc3QiOmZhbHNlLCJ0eXBlIjoiQUNDRVNTIiwiaXNzIjoiYmx1bSIsInN1YiI6IjJlZTZiMDg5LWVjNTktNGU2Yy05MTZjLWNmYjEzZDYzZWU1NCIsImV4cCI6MTcyOTMzMTcxMiwiaWF0IjoxNzI5MzI4MTEyfQ.McrmMp09ZVvJ6EQ-SHoPdkSMiQ8v0DPNTW4_kA159fg",
    "7484763842": "eyJhbGciOiJIUzI1NiIsInR5cCI6IkpXVCJ9.eyJoYXNfZ3Vlc3QiOmZhbHNlLCJ0eXBlIjoiQUNDRVNTIiwiaXNzIjoiYmx1bSIsInN1YiI6IjczZjY2YmU3LWIzMzMtNDAzNS05MWVmLWVjMjU1ODM0NTczNiIsImV4cCI6MTcyOTMzMTcxOSwiaWF0IjoxNzI5MzI4MTE5fQ.6Izyh_XSUUlvHUJAIMnb5xMztc23eZsxJFEdBtIWAEs",
    "6708806173": "eyJhbGciOiJIUzI1NiIsInR5cCI6IkpXVCJ9.eyJoYXNfZ3Vlc3QiOmZhbHNlLCJ0eXBlIjoiQUNDRVNTIiwiaXNzIjoiYmx1bSIsInN1YiI6IjRkNjM3MmU2LTNkNzItNGIxZC1hYmIzLWFkZDRiNTc4ZjllOCIsImV4cCI6MTcyOTMzMTcyNywiaWF0IjoxNzI5MzI4MTI3fQ.K7mIWBiOQTTZntNdY449Wboqpg6zKN9Y14Rj2yslDLU",
    "7347384937": "eyJhbGciOiJIUzI1NiIsInR5cCI6IkpXVCJ9.eyJoYXNfZ3Vlc3QiOmZhbHNlLCJ0eXBlIjoiQUNDRVNTIiwiaXNzIjoiYmx1bSIsInN1YiI6Ijg4Yzk3ZTFkLTE3ZmMtNDYzMy05NzgwLWZiODc4MDQ3OTQ1MyIsImV4cCI6MTcyOTMzMTczNCwiaWF0IjoxNzI5MzI4MTM0fQ.j7Xd7f8THSgskvUg_VxYUjmd0sV5OZZdvx0Hr92GPH8",
    "7088269663": "eyJhbGciOiJIUzI1NiIsInR5cCI6IkpXVCJ9.eyJoYXNfZ3Vlc3QiOmZhbHNlLCJ0eXBlIjoiQUNDRVNTIiwiaXNzIjoiYmx1bSIsInN1YiI6ImQ5NjM5OTkyLWUzODAtNGM1NS05ZWQ5LWY4YWFkMTc4MTdkZiIsImV4cCI6MTcyOTMzMTc0MiwiaWF0IjoxNzI5MzI4MTQyfQ.5eRxk2TXKNasO3Gh7oJ47Ofj7bFwneqHrLOOcIm1HCA",
    "7346976840": "eyJhbGciOiJIUzI1NiIsInR5cCI6IkpXVCJ9.eyJoYXNfZ3Vlc3QiOmZhbHNlLCJ0eXBlIjoiQUNDRVNTIiwiaXNzIjoiYmx1bSIsInN1YiI6ImZiNGZmYzdjLTg1YmQtNGY1OC04NjFmLTNkNDQ3MzI1Y2Y2OCIsImV4cCI6MTcyOTMzMTc1MCwiaWF0IjoxNzI5MzI4MTUwfQ.MbdShIwZNNi5PuqntAclZJeffbltwpqqnDs-r1L_DbA",
    "7426808143": "eyJhbGciOiJIUzI1NiIsInR5cCI6IkpXVCJ9.eyJoYXNfZ3Vlc3QiOmZhbHNlLCJ0eXBlIjoiQUNDRVNTIiwiaXNzIjoiYmx1bSIsInN1YiI6IjExZjVjMWRhLTExYmUtNDU4Ni1hMGQ5LThkNzExMDhjOTc0MCIsImV4cCI6MTcyOTMzMTc1NiwiaWF0IjoxNzI5MzI4MTU2fQ.XG-SV3a_izjlhmOnrB4tOHGhb54qZsHUB3pfIBWoR78",
    "7348592887": "eyJhbGciOiJIUzI1NiIsInR5cCI6IkpXVCJ9.eyJoYXNfZ3Vlc3QiOmZhbHNlLCJ0eXBlIjoiQUNDRVNTIiwiaXNzIjoiYmx1bSIsInN1YiI6ImJiYmQ0MTNjLWU5MjUtNGVhOS1iZTdhLThiOWJjYTFkNjk3MiIsImV4cCI6MTcyOTMzMTc2MywiaWF0IjoxNzI5MzI4MTYzfQ.40wCH7yQClVAQkCtw_HZEZZLhqwgBSY09zh-MPTQ7zw",
    "7484031287": "eyJhbGciOiJIUzI1NiIsInR5cCI6IkpXVCJ9.eyJoYXNfZ3Vlc3QiOmZhbHNlLCJ0eXBlIjoiQUNDRVNTIiwiaXNzIjoiYmx1bSIsInN1YiI6IjQxODk5YjRkLWUyNGEtNDg0Yy04M2Y3LThiMGE3OGUyMGQ5MSIsImV4cCI6MTcyOTMzMTc3MSwiaWF0IjoxNzI5MzI4MTcxfQ.idSNh7xODO763CiNpwNy2SswlJ93yZCxKJPGmb5rFgc",
    "7186660265": "eyJhbGciOiJIUzI1NiIsInR5cCI6IkpXVCJ9.eyJoYXNfZ3Vlc3QiOmZhbHNlLCJ0eXBlIjoiQUNDRVNTIiwiaXNzIjoiYmx1bSIsInN1YiI6IjQ2MWY1MDMzLTY2NjQtNGNkZC05NGJkLWE4MGFlYzhmOTAzYiIsImV4cCI6MTcyOTMzMTc3OCwiaWF0IjoxNzI5MzI4MTc4fQ.3Q2L2ugIW3k7OEckEB4T2IDsmyEh2-0rx2WO355AFrE",
    "6818961936": "eyJhbGciOiJIUzI1NiIsInR5cCI6IkpXVCJ9.eyJoYXNfZ3Vlc3QiOmZhbHNlLCJ0eXBlIjoiQUNDRVNTIiwiaXNzIjoiYmx1bSIsInN1YiI6IjkxMzJlMjA1LTdlMmUtNGI5Ny1hZDJmLTVkYjY5YjEyNzU5YyIsImV4cCI6MTcyOTMzMTc4OSwiaWF0IjoxNzI5MzI4MTg5fQ.h7aoOGUVyIngV9no8vuDNsZm7mWS0k8ORLxlWdsgcuo",
    "7160661556": "eyJhbGciOiJIUzI1NiIsInR5cCI6IkpXVCJ9.eyJoYXNfZ3Vlc3QiOmZhbHNlLCJ0eXBlIjoiQUNDRVNTIiwiaXNzIjoiYmx1bSIsInN1YiI6Ijk5M2UwNGRkLTkwOGItNGU2ZS04ZGUwLTJiYTM1NDA3NDJmNSIsImV4cCI6MTcyOTMzMTc5OCwiaWF0IjoxNzI5MzI4MTk4fQ.wDTcwJOOMm34ZjNmsQFlBXgG6SqeqDTstuB8Vq92w88"
}